{"cameraMode":{"drawMode":0,"name":"Shaded","section":"Shading Mode"},"sceneLighting":true,"audioPlay":false,"sceneViewState":{"showFog":true,"showMaterialUpdate":false,"showSkybox":true,"showFlares":true,"showImageEffects":true,"showParticleSystems":true},"in2DMode":false,"pivot":{"x":171.43899536132813,"y":7.567999839782715,"z":61.20899963378906},"rotation":{"x":0.3044157028198242,"y":-0.18977034091949464,"z":0.0620250441133976,"w":0.931381344795227},"size":8.226875305175782,"orthographic":true}