{"cameraMode":{"drawMode":0,"name":"Shaded","section":"Shading Mode"},"sceneLighting":true,"audioPlay":false,"sceneViewState":{"showFog":true,"showMaterialUpdate":false,"showSkybox":true,"showFlares":true,"showImageEffects":true,"showParticleSystems":true},"in2DMode":false,"pivot":{"x":60.106239318847659,"y":25.671539306640626,"z":79.75922393798828},"rotation":{"x":0.1712190955877304,"y":0.37496861815452578,"z":-0.07068012654781342,"w":0.9083429574966431},"size":297.57958984375,"orthographic":false}